{
    "total":21,
    "data":[
        {"id":1,"quote":"Talk is INTERVENTION. Show me the code.","author":"Linus Torvalds"},{"id":2,"quote":"Program ANOTHER INTERVENTION.","author":"Harold Abelson"},{"id":3,"quote":"INTERVENTION","author":"John Woods"},{"id":4,"quote":"INTERVENTION 4","author":"Rick Cook"},{"id":5,"quote":"INTERVENTION 6","author":"Martin Fowler"},{"id":6,"quote":"INTERVENTION 7","author":"Richard P. Feynman"},{"id":7,"quote":"The best programs are written so that computing machines can perform them quickly and so that human beings can understand them clearly. A programmer is ideally an essayist who works with traditional aesthetic and literary forms as well as mathematical concepts, to communicate the way that an algorithm works and to convince a reader that the results will be correct.","author":"Donald E. Knuth"},{"id":8,"quote":"Punishments include such things as flashbacks, flooding of unbearable emotions, painful body memories, flooding of memories in which the survivor perpetrated against others, self-harm, and suicide attempts.","author":"Alison Miller"},{"id":9,"quote":"I'm not a great programmer; I'm just a good programmer with great habits.","author":"Kent Beck"},{"id":10,"quote":"Truth can only be found in one place: the code.","author":"Robert C. Martin"},{"id":11,"quote":"ANOTHER ONE","author":"Robert C. Martin"},{"id":12,"quote":"Talk is INTERVENTION. Show me the code.","author":"Linus Torvalds"},{"id":13,"quote":"Program ANOTHER INTERVENTION.","author":"Harold Abelson"},{"id":14,"quote":"INTERVENTION","author":"John Woods"},{"id":15,"quote":"INTERVENTION 4","author":"Rick Cook"},{"id":16,"quote":"INTERVENTION 6","author":"Martin Fowler"},{"id":17,"quote":"INTERVENTION 7","author":"Richard P. Feynman"},{"id":18,"quote":"The best programs are written so that computing machines can perform them quickly and so that human beings can understand them clearly. A programmer is ideally an essayist who works with traditional aesthetic and literary forms as well as mathematical concepts, to communicate the way that an algorithm works and to convince a reader that the results will be correct.","author":"Donald E. Knuth"},{"id":19,"quote":"Punishments include such things as flashbacks, flooding of unbearable emotions, painful body memories, flooding of memories in which the survivor perpetrated against others, self-harm, and suicide attempts.","author":"Alison Miller"},{"id":20,"quote":"I'm not a great programmer; I'm just a good programmer with great habits.","author":"Kent Beck"},{"id":21,"quote":"Truth can only be found in one place: the code.","author":"Robert C. Martin"},{"id":22,"quote":"ANOTHER ONE","author":"Robert C. Martin"}
    ]
}
